lap_num,s1_time,incident,related_b_hits,related_t_hits,brake_throttle_deltas
1,28719,track limit violation,['../Data/image-data/session-1/brake/Lap_1_track_limit_violating_brake.png'],['../Data/image-data/session-1/throttle/Lap_1_track_limit_violating_throttle_hit.png'],[]
2,51823,crash,['../Data/image-data/session-1/brake/Lap_2_crash_causing_brake.png'],['../Data/image-data/session-1/throttle/Lap_2_crash_causing_throttle_hit.png'],[]
3,28935,none,"['../Data/image-data/session-1/brake/Lap_3_Brake hit_1.png', '../Data/image-data/session-1/brake/Lap_3_Brake hit_2.png']","['../Data/image-data/session-1/throttle/Lap_3_Throttle hit_1.png', '../Data/image-data/session-1/throttle/Lap_3_Throttle hit_2.png']",[]
4,29188,none,"['../Data/image-data/session-1/brake/Lap_4_Brake hit_1.png', '../Data/image-data/session-1/brake/Lap_4_Brake hit_2.png']","['../Data/image-data/session-1/throttle/Lap_4_Throttle hit_1.png', '../Data/image-data/session-1/throttle/Lap_4_Throttle hit_2.png']",[]
5,28478,none,"['../Data/image-data/session-1/brake/Lap_5_Brake hit_1.png', '../Data/image-data/session-1/brake/Lap_5_Brake hit_2.png']","['../Data/image-data/session-1/throttle/Lap_5_Throttle hit_1.png', '../Data/image-data/session-1/throttle/Lap_5_Throttle hit_2.png']",[]
6,28420,none,"['../Data/image-data/session-1/brake/Lap_6_Brake hit_1.png', '../Data/image-data/session-1/brake/Lap_6_Brake hit_2.png']","['../Data/image-data/session-1/throttle/Lap_6_Throttle hit_1.png', '../Data/image-data/session-1/throttle/Lap_6_Throttle hit_2.png']",[]
7,28085,track limit violation,['../Data/image-data/session-1/brake/Lap_7_track_limit_violating_brake.png'],['../Data/image-data/session-1/throttle/Lap_7_track_limit_violating_throttle_hit.png'],[]
8,28812,none,"['../Data/image-data/session-1/brake/Lap_8_Brake hit_1.png', '../Data/image-data/session-1/brake/Lap_8_Brake hit_2.png']","['../Data/image-data/session-1/throttle/Lap_8_Throttle hit_1.png', '../Data/image-data/session-1/throttle/Lap_8_Throttle hit_2.png']",[]
9,28980,none,"['../Data/image-data/session-1/brake/Lap_9_Brake hit_1.png', '../Data/image-data/session-1/brake/Lap_9_Brake hit_2.png']","['../Data/image-data/session-1/throttle/Lap_9_Throttle hit_1.png', '../Data/image-data/session-1/throttle/Lap_9_Throttle hit_2.png']",[]
10,28500,none,"['../Data/image-data/session-1/brake/Lap_10_Brake hit_1.png', '../Data/image-data/session-1/brake/Lap_10_Brake hit_2.png']","['../Data/image-data/session-1/throttle/Lap_10_Throttle hit_1.png', '../Data/image-data/session-1/throttle/Lap_10_Throttle hit_2.png']",[]
11,29467,none,"['../Data/image-data/session-2/brake/Lap_1_Brake hit_1.png', '../Data/image-data/session-2/brake/Lap_1_Brake hit_2.png']","['../Data/image-data/session-2/throttle/Lap_1_Throttle hit_1.png', '../Data/image-data/session-2/throttle/Lap_1_Throttle hit_2.png']",[]
12,29346,none,"['../Data/image-data/session-2/brake/Lap_2_Brake hit_1.png', '../Data/image-data/session-2/brake/Lap_2_Brake hit_2.png']","['../Data/image-data/session-2/throttle/Lap_2_Throttle hit_1.png', '../Data/image-data/session-2/throttle/Lap_2_Throttle hit_2.png']",[]
13,43651,crash,['../Data/image-data/session-2/brake/Lap_3_crash_causing_brake.png'],['../Data/image-data/session-2/throttle/Lap_3_crash_causing_throttle_hit.png'],[]
14,35356,track limit violation,['../Data/image-data/session-2/brake/Lap_4_track_limit_violating_brake.png'],['../Data/image-data/session-2/throttle/Lap_4_track_limit_violating_throttle_hit.png'],[]
15,31560,track limit violation,['../Data/image-data/session-2/brake/Lap_5_track_limit_violating_brake.png'],['../Data/image-data/session-2/throttle/Lap_5_track_limit_violating_throttle_hit.png'],[]
16,28395,none,"['../Data/image-data/session-2/brake/Lap_6_Brake hit_1.png', '../Data/image-data/session-2/brake/Lap_6_Brake hit_2.png']","['../Data/image-data/session-2/throttle/Lap_6_Throttle hit_1.png', '../Data/image-data/session-2/throttle/Lap_6_Throttle hit_2.png']",[]
17,33994,track limit violation,['../Data/image-data/session-2/brake/Lap_7_track_limit_violating_brake.png'],['../Data/image-data/session-2/throttle/Lap_7_track_limit_violating_throttle_hit.png'],[]
18,28483,none,"['../Data/image-data/session-2/brake/Lap_8_Brake hit_1.png', '../Data/image-data/session-2/brake/Lap_8_Brake hit_2.png']","['../Data/image-data/session-2/throttle/Lap_8_Throttle hit_1.png', '../Data/image-data/session-2/throttle/Lap_8_Throttle hit_2.png']",[]
19,28828,none,"['../Data/image-data/session-2/brake/Lap_9_Brake hit_1.png', '../Data/image-data/session-2/brake/Lap_9_Brake hit_2.png']","['../Data/image-data/session-2/throttle/Lap_9_Throttle hit_1.png', '../Data/image-data/session-2/throttle/Lap_9_Throttle hit_2.png']",[]
20,38169,track limit violation,['../Data/image-data/session-2/brake/Lap_10_track_limit_violating_brake.png'],['../Data/image-data/session-2/throttle/Lap_10_track_limit_violating_throttle_hit.png'],[]
21,28897,none,"['../Data/image-data/session-2/brake/Lap_11_Brake hit_1.png', '../Data/image-data/session-2/brake/Lap_11_Brake hit_2.png']","['../Data/image-data/session-2/throttle/Lap_11_Throttle hit_1.png', '../Data/image-data/session-2/throttle/Lap_11_Throttle hit_2.png']",[]
22,28857,none,"['../Data/image-data/session-3/brake/Lap_1_Brake hit_1.png', '../Data/image-data/session-3/brake/Lap_1_Brake hit_2.png']","['../Data/image-data/session-3/throttle/Lap_1_Throttle hit_1.png', '../Data/image-data/session-3/throttle/Lap_1_Throttle hit_2.png']",[]
23,28989,track limit violation,['../Data/image-data/session-3/brake/Lap_2_track_limit_violating_brake.png'],['../Data/image-data/session-3/throttle/Lap_2_track_limit_violating_throttle_hit.png'],[]
24,28361,none,"['../Data/image-data/session-3/brake/Lap_3_Brake hit_1.png', '../Data/image-data/session-3/brake/Lap_3_Brake hit_2.png']","['../Data/image-data/session-3/throttle/Lap_3_Throttle hit_1.png', '../Data/image-data/session-3/throttle/Lap_3_Throttle hit_2.png']",[]
25,27975,none,"['../Data/image-data/session-3/brake/Lap_4_Brake hit_1.png', '../Data/image-data/session-3/brake/Lap_4_Brake hit_2.png']","['../Data/image-data/session-3/throttle/Lap_4_Throttle hit_1.png', '../Data/image-data/session-3/throttle/Lap_4_Throttle hit_2.png']",[]
26,28390,none,"['../Data/image-data/session-4/brake/Lap_1_Brake hit_1.png', '../Data/image-data/session-4/brake/Lap_1_Brake hit_2.png']","['../Data/image-data/session-4/throttle/Lap_1_Throttle hit_1.png', '../Data/image-data/session-4/throttle/Lap_1_Throttle hit_2.png']",[]
27,31744,track limit violation,['../Data/image-data/session-4/brake/Lap_2_track_limit_violating_brake.png'],['../Data/image-data/session-4/throttle/Lap_2_track_limit_violating_throttle_hit.png'],[]
28,29430,none,"['../Data/image-data/session-4/brake/Lap_3_Brake hit_1.png', '../Data/image-data/session-4/brake/Lap_3_Brake hit_2.png']","['../Data/image-data/session-4/throttle/Lap_3_Throttle hit_1.png', '../Data/image-data/session-4/throttle/Lap_3_Throttle hit_2.png']",[]
29,28335,none,"['../Data/image-data/session-4/brake/Lap_4_Brake hit_1.png', '../Data/image-data/session-4/brake/Lap_4_Brake hit_2.png']","['../Data/image-data/session-4/throttle/Lap_4_Throttle hit_1.png', '../Data/image-data/session-4/throttle/Lap_4_Throttle hit_2.png']",[]
30,28695,track limit violation,['../Data/image-data/session-4/brake/Lap_5_track_limit_violating_brake.png'],['../Data/image-data/session-4/throttle/Lap_5_track_limit_violating_throttle_hit.png'],[]
31,28241,none,"['../Data/image-data/session-4/brake/Lap_6_Brake hit_1.png', '../Data/image-data/session-4/brake/Lap_6_Brake hit_2.png']","['../Data/image-data/session-4/throttle/Lap_6_Throttle hit_1.png', '../Data/image-data/session-4/throttle/Lap_6_Throttle hit_2.png']",[]
32,29498,none,"['../Data/image-data/session-4/brake/Lap_7_Brake hit_1.png', '../Data/image-data/session-4/brake/Lap_7_Brake hit_2.png']","['../Data/image-data/session-4/throttle/Lap_7_Throttle hit_1.png', '../Data/image-data/session-4/throttle/Lap_7_Throttle hit_2.png']",[]
33,28566,none,"['../Data/image-data/session-4/brake/Lap_8_Brake hit_1.png', '../Data/image-data/session-4/brake/Lap_8_Brake hit_2.png']","['../Data/image-data/session-4/throttle/Lap_8_Throttle hit_1.png', '../Data/image-data/session-4/throttle/Lap_8_Throttle hit_2.png']",[]
34,47537,crash,['../Data/image-data/session-4/brake/Lap_9_crash_causing_brake.png'],['../Data/image-data/session-4/throttle/Lap_9_crash_causing_throttle_hit.png'],[]
35,28426,none,"['../Data/image-data/session-4/brake/Lap_10_Brake hit_1.png', '../Data/image-data/session-4/brake/Lap_10_Brake hit_2.png']","['../Data/image-data/session-4/throttle/Lap_10_Throttle hit_1.png', '../Data/image-data/session-4/throttle/Lap_10_Throttle hit_2.png']",[]
36,28640,none,"['../Data/image-data/session-4/brake/Lap_11_Brake hit_1.png', '../Data/image-data/session-4/brake/Lap_11_Brake hit_2.png']","['../Data/image-data/session-4/throttle/Lap_11_Throttle hit_1.png', '../Data/image-data/session-4/throttle/Lap_11_Throttle hit_2.png']",[]
37,29085,track limit violation,['../Data/image-data/session-5/brake/Lap_1_track_limit_violating_brake.png'],['../Data/image-data/session-5/throttle/Lap_1_track_limit_violating_throttle_hit.png'],[]
38,28297,none,"['../Data/image-data/session-5/brake/Lap_2_Brake hit_1.png', '../Data/image-data/session-5/brake/Lap_2_Brake hit_2.png']","['../Data/image-data/session-5/throttle/Lap_2_Throttle hit_1.png', '../Data/image-data/session-5/throttle/Lap_2_Throttle hit_2.png']",[]
39,29823,none,"['../Data/image-data/session-5/brake/Lap_3_Brake hit_1.png', '../Data/image-data/session-5/brake/Lap_3_Brake hit_2.png', '../Data/image-data/session-5/brake/Lap_3_Brake hit_3.png']","['../Data/image-data/session-5/throttle/Lap_3_Throttle hit_1.png', '../Data/image-data/session-5/throttle/Lap_3_Throttle hit_2.png']",[]
40,41636,track limit violation,['../Data/image-data/session-5/brake/Lap_4_track_limit_violating_brake.png'],['../Data/image-data/session-5/throttle/Lap_4_track_limit_violating_throttle_hit.png'],[]
41,32094,track limit violation,['../Data/image-data/session-5/brake/Lap_5_track_limit_violating_brake.png'],['../Data/image-data/session-5/throttle/Lap_5_track_limit_violating_throttle_hit.png'],[]
42,32007,track limit violation,['../Data/image-data/session-5/brake/Lap_6_track_limit_violating_brake.png'],['../Data/image-data/session-5/throttle/Lap_6_track_limit_violating_throttle_hit.png'],[]
43,28691,none,"['../Data/image-data/session-5/brake/Lap_7_Brake hit_1.png', '../Data/image-data/session-5/brake/Lap_7_Brake hit_2.png']","['../Data/image-data/session-5/throttle/Lap_7_Throttle hit_1.png', '../Data/image-data/session-5/throttle/Lap_7_Throttle hit_2.png']",[]
44,43510,crash,['../Data/image-data/session-5/brake/Lap_8_crash_causing_brake.png'],['../Data/image-data/session-5/throttle/Lap_8_crash_causing_throttle_hit.png'],[]
45,28494,track limit violation,['../Data/image-data/session-5/brake/Lap_9_track_limit_violating_brake.png'],['../Data/image-data/session-5/throttle/Lap_9_track_limit_violating_throttle_hit.png'],[]
46,28901,none,"['../Data/image-data/session-5/brake/Lap_10_Brake hit_1.png', '../Data/image-data/session-5/brake/Lap_10_Brake hit_2.png']","['../Data/image-data/session-5/throttle/Lap_10_Throttle hit_1.png', '../Data/image-data/session-5/throttle/Lap_10_Throttle hit_2.png']",[]
47,29194,none,"['../Data/image-data/session-5/brake/Lap_11_Brake hit_1.png', '../Data/image-data/session-5/brake/Lap_11_Brake hit_2.png']","['../Data/image-data/session-5/throttle/Lap_11_Throttle hit_1.png', '../Data/image-data/session-5/throttle/Lap_11_Throttle hit_2.png']",[]
48,28263,none,"['../Data/image-data/session-6/brake/Lap_1_Brake hit_1.png', '../Data/image-data/session-6/brake/Lap_1_Brake hit_2.png']","['../Data/image-data/session-6/throttle/Lap_1_Throttle hit_1.png', '../Data/image-data/session-6/throttle/Lap_1_Throttle hit_2.png']","[['1.330505132675171', '1', '1'], ['2.5443592071533203', '2', '2']]"
49,28464,track limit violation,['../Data/image-data/session-6/brake/Lap_2_track_limit_violating_brake.png'],['../Data/image-data/session-6/throttle/Lap_2_track_limit_violating_throttle_hit.png'],"[['1.6235651969909668', '1', '1'], ['2.3908438682556152', '2', '2']]"
50,28321,none,"['../Data/image-data/session-6/brake/Lap_3_Brake hit_1.png', '../Data/image-data/session-6/brake/Lap_3_Brake hit_2.png']","['../Data/image-data/session-6/throttle/Lap_3_Throttle hit_1.png', '../Data/image-data/session-6/throttle/Lap_3_Throttle hit_2.png']","[['1.3782010078430176', '1', '1'], ['2.5585391521453857', '2', '2']]"
51,28483,none,"['../Data/image-data/session-6/brake/Lap_4_Brake hit_1.png', '../Data/image-data/session-6/brake/Lap_4_Brake hit_2.png']","['../Data/image-data/session-6/throttle/Lap_4_Throttle hit_1.png', '../Data/image-data/session-6/throttle/Lap_4_Throttle hit_2.png']","[['1.6070523262023926', '1', '1'], ['2.64884090423584', '2', '2']]"
52,39397,crash,['../Data/image-data/session-6/brake/Lap_5_crash_causing_brake.png'],['../Data/image-data/session-6/throttle/Lap_5_crash_causing_throttle_hit.png'],"[['1.5341887474060059', '1', '1']]"
53,28366,none,"['../Data/image-data/session-6/brake/Lap_6_Brake hit_1.png', '../Data/image-data/session-6/brake/Lap_6_Brake hit_2.png']","['../Data/image-data/session-6/throttle/Lap_6_Throttle hit_1.png', '../Data/image-data/session-6/throttle/Lap_6_Throttle hit_2.png']","[['1.4015560150146484', '1', '1'], ['2.5156431198120117', '2', '2']]"
54,37854,crash,['../Data/image-data/session-6/brake/Lap_7_crash_causing_brake.png'],['../Data/image-data/session-6/throttle/Lap_7_crash_causing_throttle_hit.png'],"[['1.2557051181793213', '1', '1']]"
55,28791,none,"['../Data/image-data/session-6/brake/Lap_8_Brake hit_1.png', '../Data/image-data/session-6/brake/Lap_8_Brake hit_2.png']","['../Data/image-data/session-6/throttle/Lap_8_Throttle hit_1.png', '../Data/image-data/session-6/throttle/Lap_8_Throttle hit_2.png']","[['1.4284217357635498', '1', '1'], ['2.1875081062316895', '2', '2']]"
56,34172,crash,['../Data/image-data/session-6/brake/Lap_9_crash_causing_brake.png'],['../Data/image-data/session-6/throttle/Lap_9_crash_causing_throttle_hit.png'],"[['1.3647661209106445', '1', '1']]"
57,28517,track limit violation,['../Data/image-data/session-7/brake/Lap_1_track_limit_violating_brake.png'],['../Data/image-data/session-7/throttle/Lap_1_track_limit_violating_throttle_hit.png'],"[['1.4856407642364502', '1', '1'], ['2.2453784942626953', '2', '2']]"
58,28816,none,"['../Data/image-data/session-7/brake/Lap_2_Brake hit_1.png', '../Data/image-data/session-7/brake/Lap_2_Brake hit_2.png']","['../Data/image-data/session-7/throttle/Lap_2_Throttle hit_1.png', '../Data/image-data/session-7/throttle/Lap_2_Throttle hit_2.png', '../Data/image-data/session-7/throttle/Lap_2_Throttle hit_3.png']","[['1.6907281875610352', '1', '1'], ['1.798781394958496', '2', '2']]"
59,31022,none,"['../Data/image-data/session-7/brake/Lap_3_Brake hit_1.png', '../Data/image-data/session-7/brake/Lap_3_Brake hit_2.png']","['../Data/image-data/session-7/throttle/Lap_3_Throttle hit_1.png', '../Data/image-data/session-7/throttle/Lap_3_Throttle hit_2.png']","[['1.3141510486602783', '1', '1'], ['3.02781081199646', '2', '2']]"
60,27738,none,"['../Data/image-data/session-7/brake/Lap_4_Brake hit_1.png', '../Data/image-data/session-7/brake/Lap_4_Brake hit_2.png']","['../Data/image-data/session-7/throttle/Lap_4_Throttle hit_1.png', '../Data/image-data/session-7/throttle/Lap_4_Throttle hit_2.png']","[['1.0230348110198975', '1', '1'], ['2.783273696899414', '2', '2']]"
61,28742,none,"['../Data/image-data/session-7/brake/Lap_5_Brake hit_1.png', '../Data/image-data/session-7/brake/Lap_5_Brake hit_2.png']","['../Data/image-data/session-7/throttle/Lap_5_Throttle hit_1.png', '../Data/image-data/session-7/throttle/Lap_5_Throttle hit_2.png']","[['1.6941251754760742', '1', '1'], ['2.6140244007110596', '2', '2']]"
62,28268,none,"['../Data/image-data/session-7/brake/Lap_6_Brake hit_1.png', '../Data/image-data/session-7/brake/Lap_6_Brake hit_2.png']","['../Data/image-data/session-7/throttle/Lap_6_Throttle hit_1.png', '../Data/image-data/session-7/throttle/Lap_6_Throttle hit_2.png']","[['1.1517844200134277', '1', '1'], ['3.0224781036376953', '2', '2']]"
63,28287,none,"['../Data/image-data/session-7/brake/Lap_7_Brake hit_1.png', '../Data/image-data/session-7/brake/Lap_7_Brake hit_2.png']","['../Data/image-data/session-7/throttle/Lap_7_Throttle hit_1.png', '../Data/image-data/session-7/throttle/Lap_7_Throttle hit_2.png']","[['1.1383581161499023', '1', '1'], ['2.626997232437134', '2', '2']]"
64,39315,track limit violation,['../Data/image-data/session-7/brake/Lap_8_track_limit_violating_brake.png'],['../Data/image-data/session-7/throttle/Lap_8_track_limit_violating_throttle_hit.png'],"[['0.9762799739837646', '1', '1']]"
65,29667,none,"['../Data/image-data/session-7/brake/Lap_9_Brake hit_1.png', '../Data/image-data/session-7/brake/Lap_9_Brake hit_2.png']","['../Data/image-data/session-7/throttle/Lap_9_Throttle hit_1.png', '../Data/image-data/session-7/throttle/Lap_9_Throttle hit_2.png']","[['2.2132835388183594', '1', '1'], ['2.3482329845428467', '2', '2']]"
66,30920,track limit violation,['../Data/image-data/session-7/brake/Lap_10_track_limit_violating_brake.png'],['../Data/image-data/session-7/throttle/Lap_10_track_limit_violating_throttle_hit.png'],"[['1.4717795848846436', '1', '1'], ['3.063451051712036', '2', '2']]"
67,28902,none,"['../Data/image-data/session-7/brake/Lap_11_Brake hit_1.png', '../Data/image-data/session-7/brake/Lap_11_Brake hit_2.png']","['../Data/image-data/session-7/throttle/Lap_11_Throttle hit_1.png', '../Data/image-data/session-7/throttle/Lap_11_Throttle hit_2.png']","[['1.325571060180664', '1', '1'], ['2.9569568634033203', '2', '2']]"
68,28915,crash,['../Data/image-data/session-8/brake/Lap_1_crash_causing_brake.png'],['../Data/image-data/session-8/throttle/Lap_1_crash_causing_throttle_hit.png'],"[['1.2924492359161377', '1', '1'], ['3.130354404449463', '2', '2']]"
69,28030,track limit violation,['../Data/image-data/session-8/brake/Lap_2_track_limit_violating_brake.png'],['../Data/image-data/session-8/throttle/Lap_2_track_limit_violating_throttle_hit.png'],"[['1.0959091186523438', '1', '1'], ['2.0915908813476562', '2', '2']]"
70,28933,none,"['../Data/image-data/session-8/brake/Lap_3_Brake hit_1.png', '../Data/image-data/session-8/brake/Lap_3_Brake hit_2.png']","['../Data/image-data/session-8/throttle/Lap_3_Throttle hit_1.png', '../Data/image-data/session-8/throttle/Lap_3_Throttle hit_2.png']","[['1.1870827674865723', '1', '1'], ['2.9202165603637695', '2', '2']]"
71,28536,none,"['../Data/image-data/session-8/brake/Lap_4_Brake hit_1.png', '../Data/image-data/session-8/brake/Lap_4_Brake hit_2.png']","['../Data/image-data/session-8/throttle/Lap_4_Throttle hit_1.png', '../Data/image-data/session-8/throttle/Lap_4_Throttle hit_2.png']","[['1.6241118907928467', '1', '1'], ['2.529339075088501', '2', '2']]"
72,28149,track limit violation,['../Data/image-data/session-8/brake/Lap_5_track_limit_violating_brake.png'],['../Data/image-data/session-8/throttle/Lap_5_track_limit_violating_throttle_hit.png'],"[['1.0587608814239502', '1', '1'], ['2.8473947048187256', '2', '2']]"
73,28223,none,"['../Data/image-data/session-8/brake/Lap_6_Brake hit_1.png', '../Data/image-data/session-8/brake/Lap_6_Brake hit_2.png']","['../Data/image-data/session-8/throttle/Lap_6_Throttle hit_1.png', '../Data/image-data/session-8/throttle/Lap_6_Throttle hit_2.png']","[['1.184779167175293', '1', '1'], ['2.9491653442382812', '2', '2']]"
74,28489,none,"['../Data/image-data/session-8/brake/Lap_7_Brake hit_1.png', '../Data/image-data/session-8/brake/Lap_7_Brake hit_2.png']","['../Data/image-data/session-8/throttle/Lap_7_Throttle hit_1.png', '../Data/image-data/session-8/throttle/Lap_7_Throttle hit_2.png']","[['1.6503453254699707', '1', '1'], ['2.992475986480713', '2', '2']]"
75,28408,none,"['../Data/image-data/session-8/brake/Lap_8_Brake hit_1.png', '../Data/image-data/session-8/brake/Lap_8_Brake hit_2.png']","['../Data/image-data/session-8/throttle/Lap_8_Throttle hit_1.png', '../Data/image-data/session-8/throttle/Lap_8_Throttle hit_2.png']","[['1.7128939628601074', '1', '1'], ['2.634553909301758', '2', '2']]"
76,29374,track limit violation,['../Data/image-data/session-8/brake/Lap_9_track_limit_violating_brake.png'],['../Data/image-data/session-8/throttle/Lap_9_track_limit_violating_throttle_hit.png'],"[['1.0697550773620605', '1', '1']]"
77,28191,none,"['../Data/image-data/session-8/brake/Lap_10_Brake hit_1.png', '../Data/image-data/session-8/brake/Lap_10_Brake hit_2.png']","['../Data/image-data/session-8/throttle/Lap_10_Throttle hit_1.png', '../Data/image-data/session-8/throttle/Lap_10_Throttle hit_2.png']","[['1.1617155075073242', '1', '1'], ['2.3542098999023438', '2', '2']]"
78,28526,none,"['../Data/image-data/session-9/brake/Lap_1_Brake hit_1.png', '../Data/image-data/session-9/brake/Lap_1_Brake hit_2.png']",['../Data/image-data/session-9/throttle/Lap_1_Throttle hit_1.png'],"[['2.275329828262329', '2', '1']]"
79,29531,none,"['../Data/image-data/session-9/brake/Lap_2_Brake hit_1.png', '../Data/image-data/session-9/brake/Lap_2_Brake hit_2.png']","['../Data/image-data/session-9/throttle/Lap_2_Throttle hit_1.png', '../Data/image-data/session-9/throttle/Lap_2_Throttle hit_2.png']","[['2.0936031341552734', '1', '1'], ['3.348637580871582', '2', '2']]"
80,28958,track limit violation,['../Data/image-data/session-9/brake/Lap_3_track_limit_violating_brake.png'],['../Data/image-data/session-9/throttle/Lap_3_track_limit_violating_throttle_hit.png'],"[['1.621739149093628', '1', '1'], ['2.852700710296631', '2', '2']]"
81,28321,none,"['../Data/image-data/session-9/brake/Lap_4_Brake hit_1.png', '../Data/image-data/session-9/brake/Lap_4_Brake hit_2.png']","['../Data/image-data/session-9/throttle/Lap_4_Throttle hit_1.png', '../Data/image-data/session-9/throttle/Lap_4_Throttle hit_2.png']","[['1.513024091720581', '1', '1'], ['2.229769706726074', '2', '2']]"
82,39576,crash,['../Data/image-data/session-9/brake/Lap_5_crash_causing_brake.png'],['../Data/image-data/session-9/throttle/Lap_5_crash_causing_throttle_hit.png'],"[['0.9881038665771484', '1', '1']]"
83,28101,none,"['../Data/image-data/session-9/brake/Lap_6_Brake hit_1.png', '../Data/image-data/session-9/brake/Lap_6_Brake hit_2.png']","['../Data/image-data/session-9/throttle/Lap_6_Throttle hit_1.png', '../Data/image-data/session-9/throttle/Lap_6_Throttle hit_2.png']","[['1.0171310901641846', '1', '1'], ['2.598050355911255', '2', '2']]"
84,28787,track limit violation,['../Data/image-data/session-9/brake/Lap_7_track_limit_violating_brake.png'],['../Data/image-data/session-9/throttle/Lap_7_track_limit_violating_throttle_hit.png'],"[['1.440661907196045', '1', '1'], ['2.5447943210601807', '2', '2']]"
85,29750,none,"['../Data/image-data/session-10/brake/Lap_1_Brake hit_1.png', '../Data/image-data/session-10/brake/Lap_1_Brake hit_2.png']","['../Data/image-data/session-10/throttle/Lap_1_Throttle hit_1.png', '../Data/image-data/session-10/throttle/Lap_1_Throttle hit_2.png']","[['1.6160471439361572', '1', '1'], ['3.0100529193878174', '2', '2']]"
86,28013,track limit violation,['../Data/image-data/session-10/brake/Lap_2_track_limit_violating_brake.png'],['../Data/image-data/session-10/throttle/Lap_2_track_limit_violating_throttle_hit.png'],"[['0.9921829700469971', '1', '1']]"
87,28171,none,"['../Data/image-data/session-10/brake/Lap_3_Brake hit_1.png', '../Data/image-data/session-10/brake/Lap_3_Brake hit_2.png']","['../Data/image-data/session-10/throttle/Lap_3_Throttle hit_1.png', '../Data/image-data/session-10/throttle/Lap_3_Throttle hit_2.png']","[['1.0975801944732666', '1', '1'], ['2.7350897789001465', '2', '2']]"
88,28246,none,"['../Data/image-data/session-10/brake/Lap_4_Brake hit_1.png', '../Data/image-data/session-10/brake/Lap_4_Brake hit_2.png']","['../Data/image-data/session-10/throttle/Lap_4_Throttle hit_1.png', '../Data/image-data/session-10/throttle/Lap_4_Throttle hit_2.png']","[['1.2195510864257812', '1', '1'], ['2.0437419414520264', '2', '2']]"
89,28999,none,"['../Data/image-data/session-10/brake/Lap_5_Brake hit_1.png', '../Data/image-data/session-10/brake/Lap_5_Brake hit_2.png']","['../Data/image-data/session-10/throttle/Lap_5_Throttle hit_1.png', '../Data/image-data/session-10/throttle/Lap_5_Throttle hit_2.png']","[['1.5193328857421875', '1', '1'], ['3.0356717109680176', '2', '2']]"
90,28177,none,"['../Data/image-data/session-10/brake/Lap_6_Brake hit_1.png', '../Data/image-data/session-10/brake/Lap_6_Brake hit_2.png']","['../Data/image-data/session-10/throttle/Lap_6_Throttle hit_1.png', '../Data/image-data/session-10/throttle/Lap_6_Throttle hit_2.png']","[['1.114410638809204', '1', '1'], ['2.5244994163513184', '2', '2']]"
91,27789,none,"['../Data/image-data/session-10/brake/Lap_7_Brake hit_1.png', '../Data/image-data/session-10/brake/Lap_7_Brake hit_2.png']","['../Data/image-data/session-10/throttle/Lap_7_Throttle hit_1.png', '../Data/image-data/session-10/throttle/Lap_7_Throttle hit_2.png']","[['1.1045451164245605', '1', '1'], ['2.683706045150757', '2', '2']]"
92,28169,none,"['../Data/image-data/session-10/brake/Lap_8_Brake hit_1.png', '../Data/image-data/session-10/brake/Lap_8_Brake hit_2.png']","['../Data/image-data/session-10/throttle/Lap_8_Throttle hit_1.png', '../Data/image-data/session-10/throttle/Lap_8_Throttle hit_2.png']","[['1.114415168762207', '1', '1'], ['2.3730225563049316', '2', '2']]"
93,28245,none,"['../Data/image-data/session-10/brake/Lap_9_Brake hit_1.png', '../Data/image-data/session-10/brake/Lap_9_Brake hit_2.png']","['../Data/image-data/session-10/throttle/Lap_9_Throttle hit_1.png', '../Data/image-data/session-10/throttle/Lap_9_Throttle hit_2.png']","[['1.0357439517974854', '1', '1'], ['2.585441827774048', '2', '2']]"
94,29010,crash,['../Data/image-data/session-10/brake/Lap_10_crash_causing_brake.png'],['../Data/image-data/session-10/throttle/Lap_10_crash_causing_throttle_hit.png'],"[['0.9543261528015137', '1', '1']]"
95,28571,crash,['../Data/image-data/session-10/brake/Lap_11_crash_causing_brake.png'],['../Data/image-data/session-10/throttle/Lap_11_crash_causing_throttle_hit.png'],"[['0.9777004718780518', '1', '1'], ['2.127987861633301', '2', '2']]"
96,28053,none,"['../Data/image-data/session-10/brake/Lap_12_Brake hit_1.png', '../Data/image-data/session-10/brake/Lap_12_Brake hit_2.png']","['../Data/image-data/session-10/throttle/Lap_12_Throttle hit_1.png', '../Data/image-data/session-10/throttle/Lap_12_Throttle hit_2.png']","[['1.030689001083374', '1', '1'], ['2.7161760330200195', '2', '2']]"
97,28439,none,"['../Data/image-data/session-10/brake/Lap_13_Brake hit_1.png', '../Data/image-data/session-10/brake/Lap_13_Brake hit_2.png']","['../Data/image-data/session-10/throttle/Lap_13_Throttle hit_1.png', '../Data/image-data/session-10/throttle/Lap_13_Throttle hit_2.png']","[['1.5264620780944824', '1', '1'], ['1.9940736293792725', '2', '2']]"
98,28401,none,"['../Data/image-data/session-10/brake/Lap_14_Brake hit_1.png', '../Data/image-data/session-10/brake/Lap_14_Brake hit_2.png']","['../Data/image-data/session-10/throttle/Lap_14_Throttle hit_1.png', '../Data/image-data/session-10/throttle/Lap_14_Throttle hit_2.png']","[['1.6163814067840576', '1', '1'], ['2.246284008026123', '2', '2']]"
99,28407,none,"['../Data/image-data/session-11/brake/Lap_1_Brake hit_1.png', '../Data/image-data/session-11/brake/Lap_1_Brake hit_2.png']","['../Data/image-data/session-11/throttle/Lap_1_Throttle hit_1.png', '../Data/image-data/session-11/throttle/Lap_1_Throttle hit_2.png']","[['1.0614550113677979', '1', '1'], ['2.881826162338257', '2', '2']]"
100,28687,none,"['../Data/image-data/session-11/brake/Lap_2_Brake hit_1.png', '../Data/image-data/session-11/brake/Lap_2_Brake hit_2.png']","['../Data/image-data/session-11/throttle/Lap_2_Throttle hit_1.png', '../Data/image-data/session-11/throttle/Lap_2_Throttle hit_2.png']","[['1.7636568546295166', '1', '1'], ['2.6742584705352783', '2', '2']]"
101,28631,track limit violation,['../Data/image-data/session-11/brake/Lap_3_track_limit_violating_brake.png'],['../Data/image-data/session-11/throttle/Lap_3_track_limit_violating_throttle_hit.png'],"[['1.1194815635681152', '1', '1'], ['2.4414539337158203', '2', '2']]"
102,28105,none,"['../Data/image-data/session-11/brake/Lap_4_Brake hit_1.png', '../Data/image-data/session-11/brake/Lap_4_Brake hit_2.png']","['../Data/image-data/session-11/throttle/Lap_4_Throttle hit_1.png', '../Data/image-data/session-11/throttle/Lap_4_Throttle hit_2.png']","[['1.5302379131317139', '1', '1'], ['2.532409429550171', '2', '2']]"
103,28478,track limit violation,['../Data/image-data/session-11/brake/Lap_5_track_limit_violating_brake.png'],['../Data/image-data/session-11/throttle/Lap_5_track_limit_violating_throttle_hit.png'],"[['1.8119006156921387', '1', '1'], ['2.6455395221710205', '2', '2']]"
104,28625,none,"['../Data/image-data/session-11/brake/Lap_6_Brake hit_1.png', '../Data/image-data/session-11/brake/Lap_6_Brake hit_2.png']","['../Data/image-data/session-11/throttle/Lap_6_Throttle hit_1.png', '../Data/image-data/session-11/throttle/Lap_6_Throttle hit_2.png']","[['1.137732744216919', '1', '1'], ['2.716409683227539', '2', '2']]"
